USE nova_clinica_esmeralda;

--
-- Inserting data into table filial
--
INSERT INTO filial(cnpj_filial, edificio, numero, data_abertura, cep, telefone, `e-mail`) VALUES
(1056918951, 'Primary', 268, '2020-01-06', '43757', '(181) 277-9013', 'rmfz953@example.com'),
(1565434050, 'Shipping', 27, '2007-10-02', '33847', '(404) 397-7023', 'StuartZ.Kinder@nowhere.com'),
(1443138679, 'Delivery', 233, '2011-04-15', '23248', '(555) 688-0305', 'Acker@example.com'),
(1680182416, 'Shipping', 373, '2000-03-08', '03317', '(303) 941-9445', 'Asbury@example.com'),
(1328390314, 'Office', 380, '2001-12-31', '38549', '(741) 053-4253', 'nlwccgg0@nowhere.com'),
(2113417070, 'Primary', 359, '2005-04-22', '88873', '(979) 342-1849', 'Chandler@example.com'),
(1171667317, 'Home', 94, '2003-07-16', '67586', '(789) 687-0905', 'Bagwell@nowhere.com'),
(1565434051, 'Office', 54, '2019-11-14', '49858', '(616) 714-2847', 'Quincy_Angel@example.com'),
(1998668709, 'Billing', 57, '2015-04-13', '00216', '(799) 546-5189', 'Abernathy797@example.com'),
(2147483647, 'Shipping', 49, '2007-03-28', '08394', '(848) 592-9637', 'EltonStanton941@nowhere.com'),
(2113417071, 'Shipping', 421, '2003-03-12', '82404', '(686) 015-5356', 'EliasZPotts68@nowhere.com'),
(1056918952, 'Home', 90, '2001-09-04', '74332', '(462) 229-7857', 'Thornburg757@example.com'),
(1171667318, 'Primary', 233, '2004-11-25', '26123', '(818) 967-3719', 'pspu1089@nowhere.com'),
(1680182417, 'Shipping', 60, '2017-08-28', '57133', '(872) 639-8530', 'pgatpfig_zooib@example.com'),
(1443138680, 'Shipping', 32, '2003-08-21', '38928', '(400) 408-0194', 'Johnathon_Sander@example.com'),
(1056918953, 'Office', 972, '2000-01-01', '17618', '(458) 896-1660', 'Geoffrey.IKnott9@example.com'),
(1171667319, 'Home', 31, '2016-12-26', '35472', '(697) 542-5828', 'Rhea@example.com'),
(1056918954, 'Delivery', 598, '2014-02-10', '25943', '(818) 341-3264', 'Will593@example.com'),
(1565434052, 'Home', 36, '2019-03-01', '38742', '(659) 522-0758', 'Clancy193@nowhere.com'),
(1328390315, 'Billing', 353, '2015-03-09', '04959', '(278) 506-2605', 'Robbie_Abel@nowhere.com'),
(1443138681, 'Delivery', 371, '2003-08-30', '65300', '(108) 709-2485', 'Rutherford@nowhere.com'),
(1866100509, 'Billing', 46, '2017-04-20', '42296', '(238) 515-2596', 'Valentine.Q.Meeks@example.com'),
(1680182418, 'Primary', 505, '2000-01-09', '81138', '(530) 000-1768', 'Broadway@example.com'),
(1751352144, 'Billing', 45, '2013-01-17', '98805', '(387) 387-6416', 'FelicitasBowden@example.com'),
(1998668710, 'Billing', 501, '2001-10-20', '10123', '(391) 319-0266', 'Denice_Reich@example.com'),
(1328390316, 'Home', 502, '2011-09-09', '60963', '(921) 718-5495', 'TwannaAndrus@example.com'),
(1171667320, 'Shipping', 356, '2000-03-05', '18346', '(584) 383-8730', 'Violeta_Abel@example.com'),
(1866100510, 'Office', 256, '2000-01-03', '64696', '(601) 455-2008', 'HubertThomason@example.com'),
(1565434053, 'Billing', 212, '2017-04-10', '65341', '(236) 360-0197', 'Frame75@nowhere.com'),
(1056918955, 'Office', 357, '2006-08-06', '45580', '(243) 401-7453', 'Pritchett172@example.com'),
(1171667321, 'Home', 358, '2000-04-07', '71962', '(803) 962-1380', 'LynneMackay629@nowhere.com'),
(1443138682, 'Billing', 373, '2010-08-24', '16346', '(550) 762-2061', 'RollerO1@example.com'),
(1328390317, 'Billing', 973, '2020-06-09', '03329', '(136) 811-1596', 'Alba@example.com'),
(2113417072, 'Billing', 351, '2016-10-20', '04892', '(836) 385-1289', 'CaroleAcker@example.com'),
(1443138683, 'Primary', 976, '2020-05-15', '41142', '(328) 310-4612', 'Kelly.Pinckney@example.com'),
(1680182419, 'Shipping', 95, '2011-10-26', '59050', '(368) 419-9015', 'Clanton@example.com'),
(1998668711, 'Home', 66, '2007-04-02', '92128', '(323) 857-8464', 'Elliot.Cannon@example.com'),
(1328390318, 'Primary', 212, '2019-03-25', '83892', '(546) 161-3631', 'Ewing@example.com'),
(1443138684, 'Shipping', 60, '2008-11-24', '91039', '(338) 394-6038', 'Michael96@example.com'),
(1328390319, 'Delivery', 212, '2006-01-12', '57996', '(368) 377-4019', 'Allen_Abel42@example.com'),
(1565434054, 'Delivery', 995, '2009-07-27', '98689', '(177) 341-2741', 'MargeretAlonzo295@example.com'),
(1056918956, 'Home', 962, '2000-01-07', '69984', '(742) 645-6090', 'Leak@nowhere.com'),
(1751352145, 'Office', 355, '2010-10-16', '03669', '(480) 511-4464', 'Ahern16@example.com'),
(2113417073, 'Billing', 234, '2001-07-28', '10943', '(307) 760-9859', 'Davis372@example.com'),
(1866100511, 'Shipping', 679, '2000-01-05', '56645', '(601) 541-3348', 'Fuchs@example.com'),
(1751352146, 'Primary', 84, '2000-02-10', '70713', '(620) 806-1252', 'Chang.Ferrell5@nowhere.com'),
(1680182420, 'Billing', 232, '2010-07-05', '85811', '(787) 262-3859', 'AlessandraPruett@example.com'),
(1998668712, 'Primary', 233, '2007-06-25', '83222', '(375) 182-4685', 'LuttrellZ@example.com'),
(1171667322, 'Primary', 421, '2005-10-13', '17849', '(767) 294-0573', 'ArdenAlcorn@example.com'),
(1565434055, 'Billing', 94, '2013-11-07', '03606', '(524) 249-2543', 'mdcxmjf2@example.com');

--
-- Inserting data into table horario
--
INSERT INTO horario(cod_horario, hora_inicio, hora_fim, descrição) VALUES
(431219650, '10:57:34', '21:17:54', '40'),
(1069864263, '05:26:59', '23:09:47', '34'),
(1326302053, '08:34:21', '12:44:55', '23'),
(1823027408, '07:22:21', '17:32:58', '44'),
(2037775770, '06:39:00', '20:05:54', '36'),
(1284612629, '08:34:22', '18:44:59', '57'),
(1, '05:27:00', '21:57:50', '45'),
(1069864264, '02:56:13', '15:08:40', '23'),
(1284612630, '09:45:37', '16:20:41', '40'),
(1541050419, '07:22:22', '21:17:55', '45'),
(2147483647, '04:08:14', '15:08:41', '58'),
(645968016, '06:39:01', '23:09:48', '62'),
(214748367, '08:34:23', '13:56:56', '35'),
(1069864265, '05:27:01', '17:32:59', '49'),
(1284612631, '10:57:35', '20:05:55', '35'),
(431219651, '09:45:38', '21:57:51', '31'),
(1326302054, '10:57:36', '12:44:56', '58'),
(2, '07:22:23', '18:45:00', '42'),
(1069864266, '00:00:02', '17:33:00', '25'),
(1823027409, '06:39:02', '23:09:49', '46'),
(645968017, '09:45:39', '18:45:01', '42'),
(1284612632, '02:56:14', '16:20:42', '40'),
(1069864267, '08:34:24', '21:57:52', '34'),
(1284612633, '10:57:37', '21:17:56', '32'),
(1069864268, '09:45:40', '17:33:01', '48'),
(1284612634, '10:57:38', '20:05:56', '56'),
(214748368, '09:45:41', '15:08:42', '25'),
(1069864269, '10:57:39', '16:20:43', '28'),
(3, '05:27:02', '13:56:57', '61'),
(2037775771, '09:45:42', '12:44:57', '58'),
(431219652, '06:39:03', '23:09:50', '45'),
(214748369, '04:08:15', '13:56:58', '36'),
(645968018, '07:22:24', '18:45:02', '24'),
(1823027410, '05:27:03', '17:33:02', '56'),
(4, '08:34:25', '15:08:43', '29'),
(1541050420, '02:56:15', '21:57:53', '51'),
(1326302055, '06:39:04', '18:45:03', '42'),
(2037775772, '01:12:03', '21:17:57', '24'),
(1284612635, '00:00:03', '17:33:03', '26'),
(1069864270, '04:08:16', '23:09:51', '57'),
(214748370, '10:57:40', '12:44:58', '35'),
(431219653, '09:45:43', '21:57:54', '58'),
(1823027411, '05:27:04', '16:20:44', '29'),
(2037775773, '07:22:25', '20:05:57', '21'),
(1541050421, '02:56:16', '15:08:44', '49'),
(1284612636, '04:08:17', '16:20:45', '53'),
(5, '01:12:04', '13:56:59', '45'),
(1326302056, '10:57:41', '18:45:04', '56'),
(1541050422, '06:39:05', '12:44:59', '40'),
(1823027412, '00:00:04', '13:57:00', '54');

--
-- Inserting data into table pessoa
--
INSERT INTO pessoa(cpf, rg, nome, data_Nascimento, sexo, tipo_sanguineo, num_rua, apto, cep, email) VALUES
(694380391, 1312521, 'Arnold Ambrose', '1982-10-27', 'masculino', 'AB+', '26523', 'Office', '49572', 'ArnoldG.Ambrose455@example.com'),
(2147483647, 1720849, 'Mohamed Denton', '1979-05-29', 'masculino', 'A-', '81698', 'Delivery', '27549', 'Whitman9@example.com'),
(2052605587, 1533161, 'Johnna Pinto', '1970-03-18', 'feminino', 'AB-', '54745', 'Shipping', '31068', 'Stacey85@nowhere.com'),
(291496548, 1945349, 'Wilton Geary', '1982-01-29', 'feminino', 'AB+', '63180', 'Home', '91028', 'Eda_Mallory577@example.com'),
(1837857227, 1128004, 'Zenaida Lynch', '2000-03-25', 'feminino', 'AB-', '38789', 'Shipping', '48673', 'MauricePepper949@example.com'),
(291496549, 1894725, 'Jim Fortner', '1970-01-29', 'masculino', 'A-', '04653', 'Shipping', '58287', 'Wade.H.Marx722@example.com'),
(2052605589, 1954594, 'Rudolf Albers', '1985-10-20', 'masculino', 'AB-', '11981', 'Primary', '37555', 'zajvyfes_gigpanbvkz@example.com'),
(694380393, 1374567, 'Alaine Ashworth', '1996-10-22', 'feminino', 'AB-', '73280', 'Home', '17383', 'jmcqy5@example.com'),
(291496550, 1728129, 'Shaun Swann', '1979-03-11', 'masculino', 'AB+', '28925', 'Delivery', '58516', 'Abreu@example.com'),
(479632028, 1344915, 'Ardelia Espino', '1986-04-07', 'feminino', 'B+', '30975', 'Primary', '08947', 'Acker@example.com'),
(694380394, 1936629, 'Kurt Huerta', '2007-09-28', 'masculino', 'O+', '25938', 'Shipping', '45017', 'gmfyejp7@example.com'),
(479632029, 1969924, 'Slyvia Donovan', '1970-01-07', 'feminino', 'AB-', '67078', 'Shipping', '13460', 'bfpu4@example.com'),
(1675910399, 1331254, 'Toby Abernathy', '1980-11-03', 'masculino', 'O+', '80477', 'Delivery', '20082', 'AndyLott617@example.com'),
(76748186, 1965994, 'Gail Earl', '2000-12-02', 'feminino', 'O-', '14799', 'Primary', '07265', 'AbbyRhoads4@example.com'),
(291496552, 1286240, 'Thanh Green', '1970-02-02', 'masculino', 'O+', '46071', 'Home', '71580', 'Valentin@nowhere.com'),
(76748187, 1810288, 'Bridgette Alley', '1999-07-26', 'feminino', 'O-', '86234', 'Primary', '32571', 'Keith29@nowhere.com'),
(1076855301, 1609872, 'Pierre Abernathy', '1970-01-10', 'masculino', 'AB+', '24804', 'Primary', '38179', 'Abrams29@example.com'),
(694380396, 1115846, 'Brian Morgan', '2000-06-29', 'masculino', 'B+', '69433', 'Billing', '60849', 'xrysmi3@example.com'),
(1837857229, 1046273, 'Luisa Tobin', '2000-02-15', 'feminino', 'B+', '94495', 'Delivery', '09848', 'Forsythe@nowhere.com'),
(2052605591, 1177879, 'Raymon Askew', '1992-11-25', 'masculino', 'AB+', '20161', 'Shipping', '05637', 'Martha.Ayala@example.com'),
(1837857230, 1066622, 'Kayleigh Costa', '2000-09-08', 'feminino', 'O-', '76888', 'Delivery', '27397', 'AllmanD@example.com'),
(1675910401, 1285309, 'Sheri Montoya', '1971-11-17', 'feminino', 'O-', '64445', 'Delivery', '73451', 'Whitmire346@example.com'),
(2052605592, 1017030, 'Garrett Whatley', '1998-02-21', 'masculino', 'O-', '58397', 'Shipping', '36702', 'Nava@example.com'),
(291496554, 1411170, 'Diedra Goodman', '1999-06-05', 'feminino', 'O-', '39435', 'Office', '75614', 'rregc52@example.com');

--
-- Inserting data into table tipo_produto
--
INSERT INTO tipo_produto(cod_tipo_produto, descricao) VALUES
(715797, 'Tweetputentor'),
(5539192, 'Armwoofer'),
(7707633, 'Speaknior'),
(1715798, 'Readlifier'),
(715798, 'Relictator'),
(2890209, 'Cablifiader'),
(3890210, 'Subcordar'),
(4539192, 'Playfindeplet'),
(6707633, 'Monotinator'),
(2890210, 'Monlifigaer'),
(7707634, 'Tabtopedentor'),
(5539193, 'Conplottridge'),
(3890211, 'Suptalet'),
(6707634, 'Playtingaer'),
(9041435, 'Readculor'),
(4539193, 'Transpickoner'),
(2890211, 'Comtinpler'),
(5539194, 'Conmutoner'),
(1715799, 'Biplottar'),
(4539194, 'Micputentor'),
(8041438, 'Micplottor'),
(5539195, 'Cleanmutphone'),
(4539195, 'Moncorder'),
(715799, 'Ampputer'),
(1715800, 'Antectra'),
(5539196, 'Moncessscope'),
(3890212, 'Comceivader'),
(4539196, 'Anlelet'),
(2890212, 'Comtopopon'),
(5539197, 'Remutridge'),
(7707635, 'Printplottedger'),
(6707635, 'Transtellon'),
(4539197, 'Armcyclleter'),
(7707636, 'Montinlet'),
(6707636, 'Comjectphone'),
(3890213, 'Cartjectonry'),
(7707637, 'Supcordommphone'),
(6707637, 'Cleanputletphone'),
(715800, 'Prolictar'),
(1715801, 'Sublifientor'),
(2890213, 'Reculon'),
(7707638, 'Armtopinscope'),
(9041436, 'Monlictphone'),
(715801, 'Ancordscope'),
(6707638, 'Conceivepphone'),
(1715802, 'Speakleentor'),
(715802, 'Reculadry'),
(7707639, 'Readbandra'),
(6707639, 'Reholdry'),
(3890214, 'Stereotinlet');

--
-- Inserting data into table tipo_tratamento
--
INSERT INTO tipo_tratamento(cod_tratamento, descricao) VALUES
(1677740, 'Repair of tongue NEC'),
(5341430, 'Tot brch extrac w forcep'),
(7856963, 'Bronchial ligation'),
(677740, 'Ins/rep sens-crd/vsl mtr'),
(1677741, 'Mand orthognathic op NEC'),
(6856963, 'Cl fx reduc-metatar/tar'),
(9395527, 'Lid reconstruction NOS'),
(2802850, 'Opn/oth repl tcspd valve'),
(3802851, 'Other nervous system ops'),
(4341430, 'Smallpox vaccination'),
(8395530, 'Closure of mouth fistula'),
(7856964, 'Retrogr cystourethrogram'),
(9395528, 'Culdoscopy'),
(8395531, 'Revis extraoc musc surg'),
(2802851, 'Inser bone stim-meta/tar'),
(9395529, 'Endocervical biopsy'),
(6856964, 'Suture lg bowel lacerat'),
(3802852, 'Lumb/lmbsac fus ant/post'),
(677741, 'Patellar stabilization'),
(2802852, 'Thor rep-diaph hern NOS'),
(1677742, 'Perc ins extracran stent'),
(3802853, 'Endarterectomy NOS'),
(5341431, 'Inject/infus nesiritide'),
(2802853, 'Exc maj les lid prt-thic'),
(4341431, 'Resect abdm aorta w repl'),
(3802854, 'Tot rep truncus arterios'),
(8395532, 'Ins/repl facet replc dev'),
(5341432, 'Salivary cyst marsupial'),
(4341432, 'Thymus biopsy'),
(2802854, 'Lacrimal punctum probe'),
(9395530, 'Suture bladder lacerat'),
(7856965, 'Suture cord & epid lacer'),
(6856965, 'Implant chemothera agent'),
(677742, 'Lg bowel-abd wall fixat'),
(3802855, 'Percutan hrt assist syst'),
(5341433, 'IVUS coronary vessels'),
(4341433, 'Nephrost/pyelost irrigat'),
(2802855, 'Removal spine stim lead'),
(5341434, 'Rev knee repl-tibia comp'),
(1677743, 'Blepharoptos repair NEC'),
(8395533, 'Opn fx red w int fix NEC'),
(7856966, 'Periprostatic incision'),
(9395531, 'Temp endovsc occls vessl'),
(4341434, 'Infus drotrecogin alfa'),
(8395534, 'Rev hip repl-liner/head'),
(3802856, 'Lengthen 1 extraoc musc'),
(5341435, 'Thyr/parathy dx proc NEC'),
(4341435, 'Cl fx reduc-toe'),
(677743, 'Other therapeutic ultsnd'),
(2802856, 'Ins/repl single pul gen');

--
-- Inserting data into table medico_dentista
--
INSERT INTO medico_dentista(cpf_dentista, num_carteira_trab, dt_admissao, cfo, especialidade) VALUES
(2147483647, 43333185, '2021-05-01', '005385377', 'endodontia'),
(1837857227, 48569386, '2018-01-12', '068516109', 'generalista'),
(291496550, 47960127, '2019-03-20', '809603077', 'endodontia'),
(291496554, 47964111, '2018-03-12', '688603104', 'generalista'),
(2052605587, 47630283, '2018-01-15', '646565695', 'endodontia'),
(694380391, 45288379, '2019-02-15', '809603080', 'generalista'),
(291496548, 41113631, '2018-10-07', '801516117', 'endodontia'),
(1837857230, 41354296, '2018-03-25', '807565706', 'generalista'),
(76748186, 44601646, '2019-10-29', '668603111', 'endodontia'),
(2052605589, 41324746, '2020-09-29', '012645563', 'generalista'),
(479632028, 44571428, '2020-10-04', '023516115', 'endodontia'),
(479632029, 43819810, '2019-10-01', '676565704', 'generalista'),
(694380393, 48957151, '2018-05-22', '043645574', 'endodontia'),
(291496552, 41871293, '2019-01-26', '097565710', 'generalista'),
(694380396, 44794068, '2019-04-10', '802645579', 'endodontia'),
(2052605592, 44732066, '2019-06-11', '241516120', 'generalista'),
(76748187, 47470011, '2019-12-30', '703645584', 'endodontia'),
(1675910399, 47753062, '2021-01-07', '001516124', 'generalista'),
(1675910401, 41333044, '2018-09-23', '636565715', 'endodontia'),
(694380394, 42075644, '2018-03-10', '024385374', 'generalista'),
(291496549, 46505872, '2018-04-28', '265385382', 'endodontia'),
(1837857229, 49554405, '2018-10-04', '239603090', 'generalista'),
(1076855301, 48716037, '2020-02-11', '014385384', 'endodontia'),
(2052605591, 40088754, '2018-03-30', '661516137', 'generalista');

--
-- Inserting data into table ordem_compra
--
INSERT INTO ordem_compra(cod_compra, descricao, total_consolidado, foi_cancelada, cnpj_filial, dt_realizada) VALUES
(9577870, 'Tweetholdar', 582746013, 'sim', 1056918953, '2021-04-15'),
(1360932, 'Promuton', 3258324881, 'nao', 1443138681, '2018-01-02'),
(2975663, 'Transniollor', 5022267960, 'nao', 1328390315, '2021-05-27'),
(6278650, 'Cleanputon', 37801930, 'nao', 1680182417, '2019-07-13'),
(7278651, 'Tabwoofphone', 6369257404, 'sim', 1565434050, '2019-11-08'),
(8577873, 'Supceivra', 571412761, 'nao', 1680182418, '2018-03-27'),
(6278651, 'Supputommar', 510988731, 'nao', 2113417070, '2018-08-22'),
(3975664, 'Mictellar', 8518231082, 'nao', 1328390318, '2018-07-03'),
(9577871, 'Armlififiator', 4831451303, 'nao', 1171667317, '2018-01-04'),
(8577874, 'Monoculimry', 6099842975, 'sim', 1328390315, '2020-05-26'),
(5453535, 'Telictupphone', 6915818197, 'nao', 1056918951, '2019-09-15'),
(7278652, 'Proceivor', 7511566866, 'sim', 1171667319, '2021-04-05'),
(6278652, 'Anwoofscope', 786022454, 'sim', 1056918955, '2019-08-13'),
(7278653, 'Tabniscope', 469565738, 'nao', 1866100510, '2019-11-12'),
(2975664, 'Comcorder', 9748708157, 'nao', 1443138680, '2021-06-11'),
(3975665, 'Speakcordor', 1512787779, 'sim', 1328390319, '2021-06-12'),
(6278653, 'Supcorder', 4487435123, 'nao', 1056918952, '2018-03-25'),
(2975665, 'Cleanculer', 872360125, 'nao', 1998668712, '2018-05-11'),
(7278654, 'Tabcessor', 8822094838, 'sim', 1565434050, '2020-10-18'),
(3975666, 'Tabjecter', 831872057, 'nao', 1565434050, '2019-05-27'),
(360932, 'Biculry', 3147880582, 'sim', 1866100510, '2018-09-02'),
(9577872, 'Tabputridge', 3683486178, 'nao', 1565434051, '2018-03-21'),
(2975666, 'Cartfindon', 9250452194, 'sim', 2113417070, '2018-04-08'),
(8577875, 'Charholdpler', 991005990, 'nao', 1171667320, '2018-01-02'),
(9577873, 'Reteller', 1456106527, 'sim', 1565434054, '2019-01-19'),
(8577876, 'Teteller', 8584814342, 'nao', 1680182419, '2021-07-09'),
(4453535, 'Tabtiner', 8234156130, 'nao', 1056918954, '2018-10-20'),
(9577874, 'Relictar', 5593956398, 'nao', 1171667317, '2021-05-06'),
(6278654, 'Supputphone', 6089958235, 'sim', 1866100510, '2020-04-11'),
(3975667, 'Subputer', 1491646695, 'nao', 1565434054, '2021-02-03'),
(7278655, 'Cabcorder', 5755263870, 'sim', 1680182416, '2018-01-08'),
(5453536, 'Anlicter', 7414403352, 'nao', 1443138681, '2018-01-04'),
(2975667, 'Micholdphone', 8976970485, 'nao', 2113417070, '2018-03-23'),
(6278655, 'Monolicter', 4903467719, 'nao', 1171667321, '2019-08-31'),
(3975668, 'Suptaor', 7188523080, 'sim', 2147483647, '2019-05-20'),
(4453536, 'Tabwooflet', 7245120741, 'nao', 1680182417, '2018-03-11'),
(5453537, 'Playholdator', 1398017571, 'nao', 1056918953, '2020-10-12'),
(4453537, 'Stereoholdfira', 4868742917, 'nao', 1171667317, '2021-04-19'),
(5453538, 'Cartcessewer', 3999453952, 'nao', 1998668709, '2018-12-19'),
(1360933, 'Printtiner', 333393978, 'nao', 1056918955, '2020-01-26'),
(4453538, 'Monotaaquon', 2512334003, 'nao', 1171667322, '2018-01-04'),
(5453539, 'Comtectedgridge', 3225476283, 'nao', 1171667320, '2018-11-02'),
(8577877, 'Tabniry', 3570517282, 'nao', 2147483647, '2018-12-24'),
(9577875, 'Retopgary', 6207708085, 'nao', 1056918955, '2018-08-15'),
(7278656, 'Tabcordicphone', 7561493670, 'nao', 1565434055, '2018-02-12'),
(2975668, 'Tabtaaquor', 3987841439, 'nao', 1998668709, '2020-01-15'),
(8577878, 'Mictinadon', 5502172065, 'nao', 1866100511, '2018-08-08'),
(9577876, 'Armwoofepator', 7547826238, 'nao', 1680182420, '2020-04-06'),
(6278656, 'Cablifiaquer', 396039886, 'nao', 1866100511, '2020-10-11'),
(4453539, 'Armplottletridge', 8642373821, 'nao', 1998668709, '2018-05-25');

--
-- Inserting data into table paciente
--
INSERT INTO paciente(cpf_paciente, em_tratamento, idade) VALUES
(2052605592, 'nao', NULL ),
(694380396, 'sim', NULL ),
(291496552, 'sim', NULL),
(291496548, 'nao', NULL),
(2147483647, 'nao', NULL),
(1675910401, 'nao', NULL),
(291496554, 'sim', NULL),
(1675910399, 'nao', NULL),
(694380394, 'sim', NULL),
(479632028, 'nao', NULL),
(1837857230, 'nao', NULL),
(76748187, 'nao', NULL),
(76748186, 'nao', NULL),
(694380393, 'nao', NULL),
(1837857229, 'nao', NULL),
(291496549, 'nao', NULL),
(479632029, 'nao', NULL),
(1076855301, 'nao', NULL),
(2052605591, 'nao', NULL),
(291496550, 'nao', NULL),
(1837857227, 'sim', NULL),
(2052605589, 'nao', NULL),
(2052605587, 'sim', NULL),
(694380391, 'nao', NULL);

--
-- Inserting data into table secretaria
--
INSERT INTO secretaria(cpf_secretaria, num_carteira_trab, dt_admissao) VALUES
(694380391, 21791088, '2021-02-16'),
(1837857230, 23372458, '2018-01-16'),
(2052605592, 22031996, '2017-03-07'),
(291496552, 22390722, '2017-09-11'),
(291496554, 26671379, '2019-08-07'),
(1675910399, 23206904, '2020-02-02'),
(1837857229, 21653376, '2020-04-14'),
(291496548, 26665292, '2019-12-05'),
(1076855301, 24520778, '2017-11-18'),
(694380394, 21383258, '2019-07-04'),
(1675910401, 25195482, '2019-01-01'),
(2052605591, 23742521, '2020-09-21'),
(291496550, 22596913, '2019-05-28'),
(694380396, 22714540, '2017-11-10'),
(2052605589, 20907639, '2018-03-09'),
(479632028, 22790859, '2018-06-27'),
(2147483647, 20466835, '2018-12-27'),
(76748187, 24219808, '2017-01-02'),
(1837857227, 25198718, '2020-11-19'),
(2052605587, 23586682, '2019-12-10'),
(76748186, 21462171, '2018-01-29'),
(694380393, 20279507, '2019-03-31'),
(479632029, 29621079, '2017-01-04'),
(291496549, 25211101, '2018-06-21');

--
-- Inserting data into table tec_saude_bucal
--
INSERT INTO tec_saude_bucal(cpf_tec, num_carteira_trab, dt_admissao, diploma_ens_medio, dt_diploma) VALUES
(291496554, 19056950, '2019-10-13', 'Newspaper', '1982-03-25'),
(694380393, 18416508, '2021-04-16', 'Google Adds', '1997-02-11'),
(291496552, 18830539, '2018-10-04', 'Word of mouth', '2005-01-06'),
(1675910399, 18835371, '2017-02-02', 'Add.Words', '1990-08-16'),
(291496549, 11759780, '2020-10-09', 'Add.Words', '1994-04-04'),
(1837857230, 12659115, '2018-07-15', 'TV Adds', '1981-11-08'),
(2052605587, 14691870, '2018-11-19', 'Bing Adds', '1980-01-27'),
(2052605591, 11618803, '2018-03-17', 'Google Adds', '1986-06-24'),
(694380391, 10122052, '2017-12-27', 'Email', '2019-04-22'),
(694380396, 11193695, '2020-10-06', 'Add.Words', '1980-01-09'),
(291496550, 14005633, '2019-01-08', 'Word of mouth', '2004-09-28'),
(694380394, 17045479, '2017-03-12', 'Referral', '1991-07-04'),
(291496548, 17041259, '2019-02-08', 'TV Adds', '1990-02-22'),
(76748187, 17380247, '2021-01-17', 'Email', '2021-03-29'),
(2147483647, 10310642, '2021-06-18', 'Internet', '1993-10-12'),
(76748186, 13859567, '2018-03-25', 'Referral', '1982-09-16'),
(1837857229, 16212123, '2020-11-01', 'Bing Adds', '1980-01-01'),
(1837857227, 19461768, '2021-05-13', 'Email', '1994-06-21'),
(479632029, 16471812, '2020-03-27', 'Word of mouth', '1995-06-10'),
(2052605592, 10125250, '2019-04-09', 'Bing Adds', '1980-03-19'),
(2052605589, 10961399, '2017-12-08', 'Google Adds', '2006-10-09'),
(1076855301, 18423702, '2018-02-14', 'TV Adds', '1984-04-26'),
(479632028, 13806417, '2019-10-31', 'Referral', '1997-11-08'),
(1675910401, 18569421, '2020-10-29', 'Newspaper', '2011-01-17');

--
-- Inserting data into table item_produto
--
INSERT INTO item_produto(num_lote, cod_ordem_compra, qtd_solicitada) VALUES
(3446569, 9577875, 54),
(1300602, 6278654, 906),
(2446569, 6278650, 663),
(300602, 3975664, 463),
(1300603, 2975666, 242),
(300603, 8577874, 160),
(9181616, 9577875, 891),
(5177102, 8577873, 7),
(4177102, 5453539, 517),
(1300604, 3975665, 312),
(300604, 4453535, 56),
(7797245, 8577873, 772),
(1300605, 4453537, 56),
(300605, 6278654, 812),
(6797245, 7278651, 538),
(7797246, 8577877, 1),
(8181619, 1360933, 559),
(6797246, 6278650, 835),
(1300606, 5453539, 361),
(9181617, 8577877, 295),
(3446570, 7278651, 395),
(5177103, 7278653, 58),
(4177103, 9577870, 9),
(2446570, 9577870, 348),
(7797247, 5453537, 78),
(8181620, 2975667, 714),
(300606, 2975668, 46),
(5177104, 7278654, 231),
(9181618, 6278650, 303),
(1300607, 2975666, 6),
(6797247, 5453537, 23),
(3446571, 7278652, 93),
(8181621, 4453539, 3),
(300607, 7278654, 668),
(7797248, 4453536, 769),
(2446571, 3975668, 319),
(6797248, 3975668, 829),
(4177104, 8577873, 7),
(7797249, 9577870, 910),
(3446572, 3975665, 682),
(2446572, 7278655, 944),
(5177105, 1360932, 608),
(4177105, 6278650, 998),
(1300608, 8577874, 969),
(5177106, 8577877, 366),
(6797249, 7278651, 964),
(4177106, 8577878, 462),
(3446573, 6278656, 237),
(2446573, 5453537, 976),
(9181619, 3975668, 298);

--
-- Inserting data into table tratamento
--
INSERT INTO tratamento(id_tratamento, status_tratamento, observacao, motivo, data_inicio, data_final, cpf_paciente, cpf_dentista, cod_tratamento) VALUES
(1, 'autorizado', 'Pneumococcal arthritis, unspecified wrist', 'Somat dysfunc upper extr', '2018-05-17', '2018-12-01', 2052605591, 694380391, 2802856),
(2, 'em_analise', 'Laceration of bronchus, bilateral, sequela', 'Opn skl base fx-coma NOS', '2021-03-25', '2021-08-08', 479632029, 1837857230, 8395532),
(3, 'em_analise', 'Displ seg fx shaft of l femur, init for opn fx type I/2', 'Large cell lymph pelvic', '2020-04-21', '2020-04-23', 2147483647, 291496550, 2802854),
(4, 'em_analise', 'Meniere''s disease, left ear', 'Univrsl ulcertve colitis', '2020-03-27', '2021-05-04', 479632028, 694380391, 9395527),
(5, 'em_analise', 'Subluxation of tarsal joint of left foot, subs encntr', 'Boat acc inj NEC-militry', '2018-01-08', '2021-02-07', 694380396, 291496554, 9395528),
(6, 'autorizado', 'Traumatic arthropathy, right elbow', 'Machinery acc-pasngr', '2019-06-07', '2019-08-25', 479632029, 1675910401, 1677742),
(7, 'autorizado', 'Pedl cyc passenger injured in clsn w hv veh in traf, init', 'Crushing inj upper arm', '2018-01-06', '2019-12-11', 291496552, 291496552, 6856965),
(8, 'autorizado', 'Accidental kick by another person, subsequent encounter', 'Poisoning-gi agent NOS', '2018-06-25', '2019-02-27', 1675910401, 76748187, 8395531),
(9, 'autorizado', 'Accidental strike or bumped into by another person, sequela', 'Genu varum', '2018-01-02', '2018-01-03', 291496548, 76748187, 9395529),
(10, 'autorizado', 'Unsp fx low end r femr, 7thJ', 'Cereb degen in lipidosis', '2019-04-09', '2019-05-04', 2052605589, 291496549, 1677742),
(11, 'em_analise', 'Wegener''s granulomatosis without renal involvement', 'Oral bisphosphonates', '2019-09-29', '2018-04-03', 291496549, 2052605587, 7856964),
(12, 'autorizado', 'Hemarthrosis, left hand', 'Mal mastocytosis abdom', '2019-03-26', '2020-08-17', 479632029, 291496554, 8395531),
(13, 'autorizado', 'Acute poliomyelitis, unspecified', 'C1-c4 fx-op/cord inj NOS', '2020-12-03', '2020-12-09', 291496548, 76748186, 677740),
(14, 'em_analis', 'Corrosion of 2nd deg mul sites of right wrist and hand, subs', 'Schizotypal person dis', '2019-08-15', '2020-11-19', 1076855301, 291496548, 5341431),
(15, 'autorizado', 'Follicular lymphoma grade I, spleen', 'Mal neo lymph-inguin/leg', '2018-09-24', '2020-03-03', 1675910399, 76748187, 8395532),
(16, 'em_analise', 'Milt op involving biological weapons, civilian, subs', 'Recur manic-part remiss', '2019-12-11', '2020-02-05', 1837857229, 1076855301, 8395533),
(17, 'em_analise', 'Passenger of dune buggy injured in traffic accident, sequela', 'Transient mental dis NEC', '2021-02-28', '2021-03-01', 1076855301, 2052605589, 2802852),
(18, 'em_analise', 'Neurogenic arthritis, not elsewhere classified', 'Injury cranial nerve NOS', '2018-03-20', '2020-10-01', 291496548, 1837857229, 5341430),
(19, 'em_analise', 'Displ suprcndl fx w intrcndl extn low end r femr, 7thG', 'Chr osteomyelit-pelvis', '2019-05-23', '2020-01-05', 694380394, 2052605589, 7856966),
(20, 'em_analise', 'Unsp fracture of shaft of left fibula, init for clos fx', 'Neurofibromatosis NOS', '2019-07-08', '2020-01-14', 2052605589, 2052605587, 1677743),
(21, 'em_analise', 'Unspecified dislocation of left radial head, subs encntr', 'Injury uterine artery', '2021-05-18', '2021-06-12', 291496550, 2052605589, 6856965),
(22, 'em_analise', 'Oth nondisp fx of lower end r humer, subs for fx w malunion', 'Hx of schizophrenia', '2019-08-24', '2018-05-05', 76748186, 291496549, 9395528),
(23, 'autorizado', 'Maternal care for unstable lie, fetus 1', 'Pyogen arthritis-l/leg', '2018-01-02', '2018-01-05', 1837857230, 2052605589, 3802853),
(24, 'autorizado', 'Other idiopathic scoliosis, site unspecified', 'Foreign body in ear', '2018-11-18', '2020-06-18', 694380393, 694380391, 677743),
(25, 'em_analise', 'Occup of pk-up/van injured in clsn w pedl cyc in traf, subs', 'Dislocat foot NEC-closed', '2018-04-07', '2019-08-17', 291496550, 694380391, 5341433),
(26, 'autorizado', 'Skeletal fluorosis, left thigh', 'Latent yaws', '2020-01-27', '2020-06-03', 2147483647, 1076855301, 4341435),
(27, 'em_analise', 'Idiopathic chronic gout, unspecified site, without tophus', 'Merkel cell ca-trunk', '2018-01-07', '2018-03-01', 694380396, 694380396, 7856964),
(28, 'autorizado', 'Chronic gout due to renal impairment, unsp wrist, w tophus', 'Anom corneal size/shape', '2018-04-26', '2019-11-26', 694380396, 1675910401, 4341435),
(29, 'em_analise', 'Oth fracture of T9-T10 vertebra, subs for fx w delay heal', 'Quad gest-plac/sac undet', '2018-02-14', '2020-06-20', 694380394, 291496554, 1677741),
(30, 'em_analise', 'Asphyxiation due to unspecified cause, sequela', 'Heart disease NOS', '2018-03-02', '2020-02-01', 291496552, 694380396, 9395529),
(31, 'autorizado', 'Puncture wound without foreign body, left foot, subs encntr', 'Congenital syphilis NOS', '2018-11-26', '2019-09-01', 2147483647, 291496550, 3802855),
(32, 'em_analise', 'Nondisp avulsion fx left ischium, subs for fx w nonunion', 'Reticulosarcoma spleen', '2018-03-01', '2020-08-10', 2052605587, 694380394, 3802854),
(33, 'em_analise', 'Nondisp unsp fx right great toe, subs for fx w nonunion', 'Hard tiss dis teeth NOS', '2019-03-15', '2019-03-14', 291496552, 2052605591, 5341434),
(34, 'autorizado', 'Contusion of sigmoid colon, subsequent encounter', 'Cutan leishmanias asian', '2018-01-02', '2018-01-06', 76748187, 694380393, 3802852),
(35, 'em_analise', 'Muscle wasting and atrophy, NEC, oth site', 'Fertlity preserv counsel', '2018-08-15', '2019-03-24', 291496554, 291496549, 3802856),
(36, 'em_analise', 'Unspecified injury of brachial artery, left side, sequela', 'Acc poison-barbiturates', '2019-04-27', '2020-12-23', 2052605591, 2052605592, 6856963),
(37, 'em_analise', 'Pathological fracture, unsp shoulder, init for fx', 'Tenosynov hand/wrist NEC', '2018-01-01', '2018-03-03', 291496548, 291496548, 1677742),
(38, 'em_analise', 'Malignant neoplasm of bladder, unspecified', 'Oth coll mov obj-mocycl', '2018-08-03', '2018-01-09', 1675910401, 291496550, 1677741),
(39, 'em_analise', 'Oth fx low end l tibia, subs for opn fx type I/2 w malunion', 'Psychogen endocrine dis', '2018-09-14', '2018-11-16', 76748186, 2052605592, 7856965),
(40, 'em_analise', 'Advrs eff of crbnc-anhydr inhibtr, benzo/oth diuretc, subs', 'NB late anemia:isoimmun', '2018-01-19', '2018-01-20', 1837857229, 1675910401, 8395532),
(41, 'em_analise', 'Poisn by oth prim sys and hematolog agents, assault, init', 'Cong tot/subtot cataract', '2019-07-19', '2020-09-28', 1675910401, 291496550, 3802853),
(42, 'em_analise', 'Unsp inj unsp blood vess at hip and thi lev, unsp leg, sqla', 'Scrn-ischemic heart dis', '2018-12-16', '2020-01-03', 2052605589, 76748187, 7856965),
(43, 'em_analise', 'Nondisp fx of body of left talus, subs for fx w routn heal', 'Externl cause status NOS', '2018-11-19', '2019-07-01', 291496548, 2052605589, 9395527),
(44, 'autorizado', 'Cytomegaloviral hepatitis', 'Ben crcnoid hindgut NOS', '2018-11-04', '2020-01-05', 2052605587, 291496548, 2802853),
(45, 'em_analise', 'Displ transverse fx shaft of unsp rad, 7thH', 'Cardiac tamponade', '2019-11-02', '2021-02-03', 2147483647, 2147483647, 1677743),
(46, 'em_analise', 'Asphyx d/t mech threat to breathe d/t oth cause, acc, subs', 'Nonspcf serlgc evdnc hiv', '2018-11-14', '2019-11-06', 1076855301, 1675910399, 677741),
(47, 'em_analise', 'Nondisp fx of navicular of unsp foot, subs for fx w nonunion', 'Amebic brain abscess', '2018-06-26', '2019-04-30', 1076855301, 1837857227, 8395533),
(48, 'autorizado', 'Toxic effect of carbon tetrachloride, self-harm, init', 'Phacolytic glaucoma', '2018-04-26', '2019-09-20', 291496550, 1675910401, 6856965),
(49, 'em_analise', 'Puncture wound w/o foreign body of unsp wrist, subs encntr', 'Latent schizo-chr/exacer', '2018-03-01', '2020-04-03', 2147483647, 1675910401, 4341432),
(50, 'em_analise', 'Disp fx of epiphy (separation) (upper) of unsp femr, 7thE', 'Crushing injury back', '2018-01-13', '2018-02-01', 291496549, 76748187, 6856964);

--
-- Inserting data into table procedimento
--
INSERT INTO procedimento(cod_procedimento, status_procedimento, tipo_procedimento, data_procedimento, cpf_tecnico, cpf_dentista, id_tratamento) VALUES
(3535833, 'em_analise', 'cirurgico', '2019-02-23', 1837857227, 2052605592, 16),
(4371857, 'em_analise', 'cirurgico', '2018-01-18', 291496550, 1675910401, 42),
(18007, 'em_analise', 'cirurgico', '2019-04-23', 291496554, 694380393, 44),
(9517539, 'em_analise', 'normal', '2018-01-03', 479632028, 694380393, 42),
(5371858, 'em_analise', 'normal', '2018-02-27', 2052605591, 694380393, 24),
(2535833, 'em_analise', 'cirurgico', '2018-01-20', 694380396, 291496554, 16),
(7643897, 'em_analise', 'cirurgico', '2018-08-03', 2052605591, 291496552, 49),
(4371858, 'em_analise', 'cirurgico', '2018-08-21', 2147483647, 2052605592, 47),
(8517542, 'em_analise', 'cirurgico', '2020-03-01', 1837857230, 2052605592, 41),
(1018008, 'em_analise', 'cirurgico', '2020-09-17', 1837857230, 76748186, 46),
(3535834, 'em_analise', 'normal', '2018-01-28', 291496552, 2052605592, 45),
(9517540, 'em_analise', 'cirurgico', '2019-07-27', 291496550, 291496548, 48),
(18008, 'autorizado', 'cirurgico', '2020-03-03', 694380396, 1076855301, 28),
(2535834, 'autorizado', 'cirurgico', '2019-08-14', 479632028, 291496552, 34),
(8517543, 'em_analise', 'cirurgico', '2019-05-20', 76748187, 291496549, 45),
(6643897, 'em_analise', 'cirurgico', '2020-12-11', 291496549, 2052605591, 33),
(1018009, 'em_analise', 'cirurgico', '2019-05-13', 2052605591, 291496550, 47),
(9517541, 'em_analise', 'normal', '2019-10-02', 479632028, 291496554, 14),
(18009, 'em_analise', 'cirurgico', '2019-01-01', 2052605591, 291496554, 28),
(7643898, 'em_analise', 'normal', '2018-01-06', 1675910399, 694380396, 7),
(1018010, 'em_analise', 'cirurgico', '2021-01-31', 291496548, 1675910399, 42),
(18010, 'autorizado', 'cirurgico', '2019-12-09', 291496552, 479632028, 23),
(6643898, 'autorizado', 'normal', '2019-01-10', 1675910401, 479632029, 49),
(3535835, 'em_analise', 'cirurgico', '2021-04-27', 2052605591, 1837857227, 47),
(5371859, 'em_analise', 'cirurgico', '2018-07-06', 2147483647, 694380396, 46),
(8517544, 'em_analise', 'cirurgico', '2018-07-21', 2052605589, 1837857230, 16),
(4371859, 'em_analise', 'cirurgico', '2021-05-09', 2052605591, 1837857227, 35),
(2535835, 'autorizado', 'cirurgico', '2019-10-18', 694380394, 2052605589, 37),
(3535836, 'em_analise', 'normal', '2019-04-18', 2052605592, 479632029, 19),
(5371860, 'autorizado', 'normal', '2018-02-25', 479632029, 694380396, 46),
(4371860, 'autorizado', 'cirurgico', '2020-07-23', 1837857227, 291496550, 25),
(9517542, 'em_analise', 'cirurgico', '2018-01-21', 694380396, 291496552, 38),
(5371861, 'em_analise', 'cirurgico', '2018-08-01', 2052605592, 694380391, 7),
(8517545, 'em_analise', 'cirurgico', '2021-02-02', 291496548, 291496554, 45),
(9517543, 'autorizado', 'cirurgico', '2018-01-02', 2052605587, 694380393, 34),
(8517546, 'autorizado', 'normal', '2018-06-29', 76748186, 291496552, 24),
(2535836, 'em_analise', 'cirurgico', '2018-01-02', 1837857229, 1675910399, 14),
(9517544, 'em_analise', 'cirurgico', '2019-06-08', 1837857227, 1675910399, 44),
(7643899, 'em_analise', 'cirurgico', '2020-06-22', 2052605592, 694380394, 3),
(1018011, 'em_analise', 'cirurgico', '2021-06-30', 694380394, 694380393, 14),
(8517547, 'em_analise', 'normal', '2018-12-03', 291496554, 694380394, 32),
(18011, 'autorizado', 'normal', '2019-11-26', 1837857227, 76748187, 12),
(9517545, 'autorizado', 'cirurgico', '2018-01-02', 1675910401, 479632029, 7),
(3535837, 'em_analise', 'cirurgico', '2018-08-08', 694380391, 694380396, 13),
(4371861, 'em_analise', 'normal', '2020-06-23', 1837857230, 694380396, 4),
(8517548, 'autorizado', 'normal', '2019-11-21', 291496548, 479632029, 32),
(5371862, 'em_analise', 'cirurgico', '2020-04-03', 1675910399, 2052605591, 35),
(2535837, 'em_analise', 'cirurgico', '2018-02-04', 1837857227, 291496554, 4),
(1018012, 'autorizado', 'normal', '2019-11-19', 1837857227, 694380394, 22),
(18012, 'autorizado', 'normal', '2020-01-09', 291496552, 1675910401, 8);

--
-- Inserting data into table pedido_material_cir
--
INSERT INTO pedido_material_cir(codigo_pedido_material_cir, status_pedido, data_pedido, cod_procedimento) VALUES
(1, 'autorizado', '2019-11-12', 6643898),
(2, 'em_analise', '2019-12-25', 9517540),
(3, 'em_analise', '2020-12-19', 3535833),
(4, 'autorizado', '2020-06-18', 9517540),
(5, 'em_analise', '2020-10-27', 5371858),
(6, 'autorizado', '2019-04-11', 5371862),
(7, 'em_analisee', '2020-08-27', 9517539),
(8, 'em_analisee', '2018-02-23', 6643898),
(9, 'autorizado', '2020-09-19', 3535834),
(10, 'em_analise', '2021-03-02', 7643897),
(11, 'em_analise', '2021-07-04', 2535833),
(12, 'em_analise', '2018-03-15', 7643897),
(13, 'em_analise', '2021-06-02', 9517541),
(14, 'em_analise', '2021-04-20', 7643898),
(15, 'autorizado', '2021-06-30', 18011),
(16, 'autorizado', '2020-12-20', 8517546),
(17, 'em_analise', '2018-05-19', 4371859),
(18, 'autorizado', '2018-06-01', 9517541),
(19, 'em_analise', '2020-08-24', 4371860),
(20, 'em_analise', '2020-04-13', 9517539),
(21, 'autorizado', '2018-06-21', 9517545),
(22, 'autorizado', '2018-01-16', 4371857),
(23, 'em_analise', '2019-10-26', 18009),
(24, 'autorizado', '2018-08-19', 4371859),
(25, 'autorizado', '2019-04-29', 1018010),
(26, 'autorizado', '2021-06-19', 18012),
(27, 'autorizado', '2019-02-15', 3535833),
(28, 'em_analise', '2018-01-01', 18008),
(29, 'em_analise', '2021-06-25', 7643898),
(30, 'autorizado', '2019-01-14', 4371858),
(31, 'em_analise', '2019-11-17', 18012),
(32, 'autorizado', '2018-04-12', 1018010),
(33, 'em_analise', '2019-03-27', 9517540),
(34, 'em_analise', '2020-06-03', 18009),
(35, 'em_analise', '2021-04-01', 6643898),
(36, 'em_analise', '2020-06-06', 1018008),
(37, 'em_analise', '2018-01-09', 18009),
(38, 'autorizado', '2018-12-03', 8517548),
(39, 'em_analise', '2021-03-23', 2535836),
(40, 'em_analise', '2018-01-08', 8517542),
(41, 'em_analise', '2019-09-23', 1018010),
(42, 'em_analise', '2020-01-01', 5371859),
(43, 'em_analise', '2020-11-05', 5371862),
(44, 'autorizado', '2018-07-14', 4371861),
(45, 'em_analise', '2019-05-23', 2535836),
(46, 'em_analise', '2018-01-20', 1018010),
(47, 'autorizado', '2020-03-28', 3535835),
(48, 'em_analise', '2020-10-23', 2535835),
(49, 'em_analise', '2021-05-22', 9517544),
(50, 'em_analise', '2018-01-13', 5371859);

--
-- Inserting data into table produto
--
INSERT INTO produto(cod_produto, codigo_barra, descricao, fabricante, valor_unitario, tipo_unidade, qtd_minima, num_lote, cod_tipo_produto) VALUES
(9510256, 1454201852, 'Deltatamne', 'Aerospace & Defense', 1881706, '51167', 1, 4177106, 3890211),
(1519336, 1050879299, 'Oflolonnon', 'Nonlife Insurance', 253660, '76272', 1, 9181619, 1715799),
(519336, 1299860053, 'Endozodine', 'Support Services', 6611801, '05233', 1, 9181616, 7707634),
(8510259, 1866982661, 'Influnicin', 'Chemicals', 7434403, '91745', 1, 8181619, 2890211),
(3889257, 1653610695, 'Aeromadine', 'Industrial Engineering', 4388607, '97705', 1, 3446571, 3890213),
(9510257, 2004441541, 'Monosonmuc', 'Alternative Energy', 7129508, '89585', 1, 6797247, 4539195),
(8510260, 1425462087, 'Biosilzyl', 'General Retailers', 7945301, '05852', 1, 1300602, 715800),
(1519337, 1230358094, 'Duratamque', 'Travel & Leisure', 4500248, '35444', 1, 1300602, 715801),
(6858130, 1658155638, 'Irigofen', 'Construction & Materials', 4845575, '13646', 1, 1300602, 2890213),
(5138769, 1926862346, 'Levoperihex', 'Technology Hardware & Equipment', 5058671, '37782', 1, 7797245, 2890209),
(519337, 2116701187, 'Bimacose', 'Automobiles & Parts', 4421509, '63368', 1, 7797247, 6707635),
(2889257, 1513326086, 'Aditamxol', 'Software & Computer Services', 5516945, '20735', 1, 7797248, 8041438),
(1519338, 1456887204, 'Tricurvase', 'Media', 4464013, '59531', 1, 6797245, 4539193),
(4138769, 1097317372, 'Acabutammuc', 'Real Estate Investment & Services', 9213257, '74129', 1, 1300605, 6707639),
(5138770, 1576215959, 'Aproxanon', 'Tobacco', 6235386, '03987', 1, 9181616, 1715798),
(3889258, 1759281602, 'Abespoban', 'Oil & Gas Producers', 3349598, '74603', 1, 4177103, 6707633),
(2889258, 1742404316, 'Ketomahex', 'Food Producers', 6426867, '34551', 1, 4177103, 6707639),
(9510258, 1530366747, 'Nitofatriol', 'Equity Investment Instruments', 9132664, '01121', 1, 8181620, 4539194),
(519338, 1781617176, 'Ireperibid', 'Real Estate Investment Trusts', 5064821, '80747', 1, 4177103, 7707637),
(3889259, 1242433544, 'Flosontad', 'Industrial Metals & Mining', 9755851, '35735', 1, 300603, 3890212),
(8510261, 1271928995, 'Natagoino', 'Oil Equipment, Services & Distribution', 4936456, '99497', 1, 300605, 2890210),
(2889259, 1439894947, 'Herpebutamnor', 'Mining', 9008808, '87362', 1, 7797248, 2890212),
(3889260, 1230817117, 'Mucooxefen', 'Mobile Telecommunications', 4020280, '37920', 1, 3446570, 5539195),
(2889260, 1983234804, 'Decooxehex', 'Personal Goods', 1465985, '49868', 1, 5177104, 2890213),
(9510259, 1635014915, 'Infapanal', 'Forestry & Paper', 2294376, '97582', 1, 3446573, 4539194),
(3889261, 1068237782, 'Exoclosine', 'Electricity', 5004948, '37872', 1, 6797249, 3890210),
(4138770, 1107307437, 'Osahydroino', 'Banks', 4069087, '95614', 1, 300606, 6707637),
(8510262, 1372354601, 'Amcitadex', 'Electronic & Electrical Equipment', 9487750, '27100', 1, 1300606, 7707638),
(2889261, 2146999327, 'Dexaperatan', 'Financial Services', 3246786, '99487', 1, 300607, 3890210),
(1519339, 1396764218, 'Polinacose', 'Gas, Water & Multiutilities', 8120399, '67889', 1, 7797248, 8041438),
(519339, 1254839156, 'Infapurifast', 'Fixed Line Telecommunications', 7763842, '69139', 1, 3446570, 715802),
(1519340, 1314625166, 'Fibratanino', 'General Industrials', 2219636, '45527', 1, 3446571, 715801),
(7858131, 1026614885, 'Tenooxelol', 'Food & Drug Retailers', 3706162, '93833', 1, 2446570, 7707635),
(9510260, 1776522155, 'Dichloridete', 'Beverages', 2853685, '22567', 1, 8181620, 5539196),
(6858131, 1368899486, 'Betaspodar', 'Industrial Transportation', 9720617, '72604', 1, 3446572, 5539196),
(519340, 1607925424, 'Ramitrapin', 'Health Care Equipment & Services', 5229447, '83534', 1, 9181618, 4539196),
(7858132, 1660567898, 'Doxydipinal', 'Nonequity Investment Instruments', 9761067, '14488', 1, 2446572, 7707633),
(8510263, 1378271210, 'Zytopuriban', 'Leisure Goods', 6915164, '40983', 1, 7797248, 2890211),
(5138771, 1417763241, 'Infafapren', 'Pharmaceuticals & Biotechnology', 675108, '45741', 1, 1300602, 7707636),
(4138771, 1896749934, 'Dexaclocept', 'Household Goods & Home Construction', 1025426, '20103', 1, 6797246, 6707635),
(9510261, 1832791186, 'Acygode', 'Life Insurance', 5873194, '96944', 1, 2446573, 5539196),
(5138772, 2129649143, 'Vitasondene', 'Aerospace & Defense', 2019024, '16524', 1, 6797247, 1715802),
(6858132, 1770365348, 'Robidrofast', 'Chemicals', 4628053, '35463', 1, 2446569, 2890210),
(8510264, 1376585790, 'Indoxadar', 'General Retailers', 5239236, '38406', 1, 7797245, 6707633),
(9510262, 1501790331, 'Ferrotamxol', 'Alternative Energy', 6001977, '25969', 1, 5177102, 3890211),
(7858133, 1998617903, 'Alficurxin', 'Construction & Materials', 3371894, '28678', 1, 3446571, 5539195),
(8510265, 2125263043, 'Dextrooxedex', 'Industrial Engineering', 8096355, '83314', 1, 2446572, 5539195),
(4138772, 1944970746, 'Doxyloncose', 'Food Producers', 3425670, '82381', 1, 7797248, 1715802),
(3889262, 1140083000, 'Abexalam', 'Equity Investment Instruments', 3598672, '85877', 1, 4177103, 9041435),
(5138773, 1755875508, 'Allolonphane', 'Media', 9982173, '72753', 1, 5177102, 3890212);

--
-- Inserting data into table agendamento
--
INSERT INTO agendamento(cpf_secretaria, cpf_paciente, cpf_dentista, data_agendamento, hora_agendamento, status_agendamento) VALUES
(479632029, 694380391, 1076855301, '2020-06-21 10:27:58', '12:37:40', 'confirmad'),
(1076855301, 694380394, 76748186, '2019-11-08 15:18:35', '06:55:38', 'confirmad'),
(76748187, 1076855301, 1675910399, '2019-08-08 00:54:36', '09:19:40', 'aguardand'),
(291496552, 291496548, 291496554, '2019-01-01 00:07:13', '00:07:13', 'aguardand'),
(291496552, 2147483647, 291496554, '2019-01-01 00:07:13', '00:07:13', 'aguardand'),
(1837857230, 291496548, 1837857227, '2020-03-20 20:03:55', '10:13:37', 'aguardand'),
(76748186, 2052605589, 291496549, '2019-11-08 15:18:38', '06:55:41', 'aguardand'),
(291496549, 2052605592, 2052605591, '2020-03-20 20:03:58', '10:13:40', 'aguardand'),
(694380393, 2052605587, 1837857229, '2021-04-16 03:04:16', '19:28:51', 'confirmad'),
(479632029, 2052605587, 1076855301, '2020-06-21 10:27:58', '12:37:40', 'aguardand'),
(291496550, 76748186, 694380393, '2019-04-03 14:31:15', '02:31:15', 'confirmad'),
(1837857227, 2052605591, 1675910401, '2019-11-08 15:18:37', '06:55:40', 'confirmad'),
(76748187, 2052605591, 1675910399, '2019-08-08 00:54:36', '09:19:40', 'confirmad'),
(694380396, 694380393, 291496552, '2020-10-14 00:54:46', '16:25:58', 'aguardand'),
(2052605587, 291496550, 694380394, '2019-08-08 00:54:37', '09:19:41', 'aguardand'),
(694380391, 291496552, 2147483647, '2019-08-08 00:54:34', '09:19:38', 'aguardand'),
(2052605589, 1837857229, 694380396, '2019-11-08 15:18:36', '06:55:39', 'confirmad'),
(291496550, 694380393, 694380393, '2019-04-03 14:31:15', '02:31:15', 'aguardand'),
(1837857227, 291496550, 1675910401, '2019-11-08 15:18:37', '06:55:40', 'aguardand'),
(76748186, 1837857227, 291496549, '2019-11-08 15:18:38', '06:55:41', 'aguardand'),
(291496554, 1675910401, 2052605587, '2021-01-13 12:40:18', '21:52:48', 'aguardand'),
(694380396, 1837857229, 291496552, '2020-10-14 00:54:46', '16:25:58', 'confirmad'),
(694380394, 479632028, 2052605589, '2020-06-21 10:27:57', '12:37:39', 'confirmad'),
(479632028, 291496549, 2052605592, '2020-07-13 10:30:46', '18:49:59', 'aguardand'),
(291496554, 2147483647, 2052605587, '2021-01-13 12:40:18', '21:52:48', 'aguardand'),
(1675910401, 1837857230, 479632028, '2019-01-01 00:07:14', '00:07:14', 'confirmad'),
(291496549, 694380391, 2052605591, '2020-03-20 20:03:58', '10:13:40', 'aguardand'),
(1675910399, 291496554, 694380391, '2020-03-20 20:03:56', '10:13:38', 'confirmad'),
(694380391, 694380396, 2147483647, '2019-08-08 00:54:34', '09:19:38', 'aguardand'),
(694380393, 2052605589, 1837857229, '2021-04-16 03:04:16', '19:28:51', 'aguardand'),
(2052605587, 1837857227, 694380394, '2019-08-08 00:54:37', '09:19:41', 'aguardand'),
(1675910399, 1675910401, 694380391, '2020-03-20 20:03:56', '10:13:38', 'aguardand'),
(1837857229, 1675910399, 291496548, '2020-07-13 10:30:45', '18:49:58', 'aguardand'),
(2052605589, 291496549, 694380396, '2019-11-08 15:18:36', '06:55:39', 'confirmad'),
(1837857230, 291496552, 1837857227, '2020-03-20 20:03:55', '10:13:37', 'aguardand'),
(291496548, 694380394, 1837857230, '2019-04-03 14:31:14', '02:31:14', 'aguardand'),
(2147483647, 479632029, 76748187, '2020-03-20 20:03:57', '10:13:39', 'aguardand'),
(2052605591, 76748187, 479632029, '2019-08-08 00:54:35', '09:19:39', 'confirmad'),
(694380391, 2052605592, 2147483647, '2019-08-08 00:54:34', '09:19:38', 'aguardand'),
(694380394, 1837857230, 2052605589, '2020-06-21 10:27:57', '12:37:39', 'aguardand'),
(479632028, 479632029, 2052605592, '2020-07-13 10:30:46', '18:49:59', 'confirmad'),
(2052605592, 291496548, 291496550, '2020-06-21 10:27:56', '12:37:38', 'aguardand'),
(1076855301, 479632028, 76748186, '2019-11-08 15:18:35', '06:55:38', 'aguardand'),
(1837857229, 291496554, 291496548, '2020-07-13 10:30:45', '18:49:58', 'aguardand'),
(1675910401, 76748187, 479632028, '2019-01-01 00:07:14', '00:07:14', 'aguardand'),
(2147483647, 1076855301, 76748187, '2020-03-20 20:03:57', '10:13:39', 'aguardand'),
(2052605591, 76748186, 479632029, '2019-08-08 00:54:35', '09:19:39', 'aguardand'),
(1837857230, 694380396, 1837857227, '2020-03-20 20:03:55', '10:13:37', 'aguardand'),
(291496548, 1675910399, 1837857230, '2019-04-03 14:31:14', '02:31:14', 'confirmad'),
(2052605592, 291496552, 291496550, '2020-06-21 10:27:56', '12:37:38', 'aguardand');

--
-- Inserting data into table assistido_por
--
INSERT INTO assistido_por(cpf_tec, cod_procedimento) VALUES
(479632028, 3535835),
(694380391, 8517542),
(1837857227, 9517541),
(1675910399, 9517539),
(1675910399, 5371858),
(694380393, 9517539),
(2052605589, 18010),
(1675910401, 5371859),
(1076855301, 6643898),
(479632028, 6643898),
(291496548, 18008),
(479632029, 18009),
(1837857227, 18009),
(76748187, 2535834),
(2052605592, 7643898),
(291496554, 18007),
(2147483647, 8517543),
(291496548, 2535834),
(479632029, 7643898),
(2052605589, 1018010),
(291496549, 2535833),
(76748187, 8517543),
(694380396, 1018008),
(76748186, 6643897),
(291496549, 5371858),
(291496550, 3535834),
(1675910401, 3535835),
(1837857230, 7643897),
(291496554, 4371857),
(1076855301, 18010),
(2052605592, 1018010),
(1837857230, 2535833),
(2052605587, 4371858),
(2147483647, 6643897),
(694380393, 18007),
(2052605591, 8517542),
(1837857229, 1018009),
(694380394, 9517540),
(291496554, 3535833),
(694380396, 3535834),
(76748186, 1018009),
(291496552, 9517539),
(694380391, 1018008),
(2052605587, 7643897),
(291496550, 9517540),
(1837857229, 9517541),
(694380394, 18008),
(694380393, 4371857),
(2052605591, 4371858),
(291496552, 18007);

--
-- Inserting data into table consulta
--
INSERT INTO consulta(cpf_paciente, cpf_dentista, data_consulta) VALUES
(2052605587, 2052605591, '2020-04-25'),
(694380394, 76748186, '2018-08-26'),
(1076855301, 1675910399, '2018-08-27'),
(291496548, 291496554, '2019-09-07'),
(291496548, 2052605587, '2019-09-07'),
(694380396, 291496554, '2020-01-14'),
(1837857227, 1837857229, '2021-02-18'),
(694380391, 2147483647, '2019-09-09'),
(2052605589, 1076855301, '2021-06-25'),
(2052605587, 1076855301, '2020-04-25'),
(76748186, 694380393, '2020-04-24'),
(2052605591, 1675910401, '2018-04-20'),
(1076855301, 1675910401, '2018-08-27'),
(694380393, 291496552, '2021-06-23'),
(291496550, 694380394, '2020-01-16'),
(2052605592, 291496550, '2019-09-06'),
(1837857229, 694380396, '2021-02-17'),
(76748186, 291496552, '2020-04-24'),
(2052605591, 694380394, '2018-04-20'),
(1837857227, 291496549, '2021-02-18'),
(2147483647, 694380391, '2018-04-18'),
(694380393, 694380396, '2021-06-23'),
(479632028, 2052605589, '2018-04-19'),
(291496549, 2052605592, '2021-06-24'),
(2147483647, 2052605587, '2018-04-18'),
(1837857230, 479632028, '2021-02-16'),
(694380391, 2052605587, '2019-09-09'),
(1675910401, 291496548, '2020-01-15'),
(2052605592, 1837857227, '2019-09-06'),
(2052605589, 1837857229, '2021-06-25'),
(291496550, 291496549, '2020-01-16'),
(1675910401, 694380391, '2020-01-15'),
(291496554, 1837857230, '2019-04-20'),
(1837857229, 2052605592, '2021-02-17'),
(694380396, 291496550, '2020-01-14'),
(1675910399, 76748186, '2021-07-13'),
(479632029, 76748187, '2020-09-01'),
(76748187, 479632029, '2019-09-08'),
(2052605592, 2147483647, '2019-09-06'),
(479632028, 76748186, '2018-04-19'),
(291496549, 76748187, '2021-06-24'),
(291496552, 291496554, '2018-12-11'),
(694380394, 2052605589, '2018-08-26'),
(291496554, 291496548, '2019-04-20'),
(1837857230, 479632029, '2021-02-16'),
(479632029, 1675910399, '2020-09-01'),
(76748187, 694380393, '2019-09-08'),
(694380396, 1837857227, '2020-01-14'),
(1675910399, 1837857230, '2021-07-13'),
(291496552, 291496550, '2018-12-11');

--
-- Inserting data into table instancia_produto_estoque
--
INSERT INTO instancia_produto_estoque(id_instancia, data_fabricacao, qtd_atual, data_validade, cod_produto) VALUES
(1, '2018-09-07', 763, '2021-03-02', 519336),
(2, '2018-08-24', 569, '2021-04-22', 1519338),
(3, '2019-04-07', 614, '2022-03-24', 7858131),
(4, '2019-06-21', 301, '2021-04-30', 5138771),
(5, '2019-04-21', 44, '2023-09-24', 8510263),
(6, '2018-08-27', 436, '2020-12-19', 8510262),
(7, '2019-04-08', 416, '2024-07-01', 8510262),
(8, '2018-02-14', 917, '2022-05-02', 7858133),
(9, '2019-01-05', 710, '2022-07-16', 8510262),
(10, '2018-01-09', 707, '2024-06-05', 8510261),
(11, '2019-05-23', 546, '2020-02-23', 7858132),
(12, '2018-05-08', 252, '2020-07-27', 3889259),
(13, '2018-09-06', 420, '2020-03-15', 2889257),
(14, '2018-05-14', 612, '2024-12-22', 8510262),
(15, '2018-01-04', 204, '2024-10-25', 3889259),
(16, '2018-03-04', 801, '2022-08-23', 8510260),
(17, '2018-04-18', 864, '2022-11-22', 3889260),
(18, '2018-02-27', 87, '2022-01-02', 8510259),
(19, '2018-11-07', 999, '2021-02-08', 3889260),
(20, '2018-06-25', 760, '2021-02-18', 1519336),
(21, '2018-05-10', 331, '2020-01-06', 8510262),
(22, '2018-03-06', 908, '2023-10-05', 4138772),
(23, '2018-01-10', 78, '2023-01-18', 1519340),
(24, '2018-07-19', 732, '2020-07-25', 8510260),
(25, '2019-01-28', 859, '2020-04-26', 8510262),
(26, '2019-02-28', 380, '2023-05-25', 6858132),
(27, '2018-11-04', 842, '2023-05-29', 1519339),
(28, '2018-12-09', 460, '2020-01-10', 8510262),
(29, '2018-04-12', 992, '2022-11-20', 4138771),
(30, '2018-06-20', 836, '2021-09-19', 1519339),
(31, '2018-10-21', 220, '2021-09-02', 8510262),
(32, '2018-01-19', 437, '2022-11-13', 3889257),
(33, '2019-04-15', 1, '2024-10-13', 519340),
(34, '2019-06-27', 118, '2020-01-09', 9510258),
(35, '2019-05-11', 316, '2023-11-09', 2889258),
(36, '2018-07-03', 719, '2023-08-24', 6858130),
(37, '2018-12-15', 457, '2020-01-04', 3889261),
(38, '2018-02-05', 826, '2022-12-26', 3889257),
(39, '2018-02-22', 492, '2022-08-09', 519339),
(40, '2018-08-31', 33, '2020-08-06', 9510262),
(41, '2018-05-04', 979, '2021-08-11', 5138770),
(42, '2018-09-07', 921, '2023-02-25', 3889259),
(43, '2018-06-01', 927, '2020-03-12', 3889262),
(44, '2018-09-23', 338, '2021-08-09', 3889261),
(45, '2018-03-20', 1, '2020-04-03', 5138773),
(46, '2019-02-20', 333, '2024-02-05', 1519336),
(47, '2018-04-07', 970, '2020-01-12', 9510260),
(48, '2019-06-20', 312, '2023-03-10', 9510260),
(49, '2018-01-01', 847, '2020-01-04', 9510262),
(50, '2018-01-02', 874, '2024-04-08', 5138772);

--
-- Inserting data into table item_solicitado
--
INSERT INTO item_solicitado(cod_produto, codigo_pedido_material_cir, quantidade, tipo) VALUES
(8510265, 47, 100, 'Hepanizon'),
(6858130, 9, 101, 'Chlorperavir'),
(9510258, 18, 102, 'Tamoxanide'),
(8510259, 4, 103, 'Lastexarex'),
(8510262, 28, 104, 'Decotanino'),
(5138773, 50, 105, 'Kitaperade'),
(9510262, 45, 106, 'Oxysilfen'),
(4138772, 48, 107, 'Azitamvant'),
(7858133, 46, 108, 'Etosilxel'),
(3889260, 23, 109, 'Biosibid'),
(1519338, 13, 110, 'Lefuthromydorm'),
(519338, 19, 111, 'Lastecarpamvase'),
(5138772, 42, 112, 'Fibraspovex'),
(4138769, 14, 113, 'Micotrazon'),
(3889259, 20, 114, 'Betasifen'),
(3889262, 49, 115, 'Acybutamtec'),
(5138770, 15, 116, 'Hapaspoban'),
(7858132, 37, 117, 'Pipebutamzol'),
(6858132, 43, 118, 'Doxnisine'),
(8510261, 21, 119, 'Medropane'),
(2889261, 29, 120, 'Aerohydrodine'),
(8510263, 38, 121, 'Dexagocin'),
(5138769, 10, 122, 'Tylotadine'),
(3889258, 16, 123, 'Simethromytex'),
(3889257, 5, 124, 'Osadrolam'),
(519337, 11, 125, 'Duracarpammuc'),
(2889260, 24, 126, 'Dexipasine'),
(1519339, 30, 127, 'Aprothromydar'),
(9510259, 25, 128, 'Herpesitad'),
(2889259, 22, 129, 'Flonapex'),
(8510264, 44, 130, 'Iresonne'),
(9510257, 6, 131, 'Acyclotriol'),
(519339, 31, 132, 'Valcoperaxol'),
(5138771, 39, 133, 'Miniperaliq'),
(3889261, 26, 134, 'Dextroxafast'),
(1519340, 32, 135, 'Affaxol'),
(2889258, 17, 136, 'Oxytradine'),
(2889257, 12, 137, 'Ecodrozyl'),
(9510256, 1, 138, 'Cloxaxin'),
(9510260, 34, 139, 'Erychloridedorm'),
(4138771, 40, 140, 'Duodipivex'),
(4138770, 27, 141, 'Abeclopex'),
(7858131, 33, 142, 'Abetaque'),
(8510260, 7, 143, 'Ferrotalam'),
(6858131, 35, 144, 'Captocarpamnor'),
(9510261, 41, 145, 'Exoniphane'),
(519340, 36, 146, 'Exocarpamnal'),
(1519336, 2, 147, 'Melioxepren'),
(1519337, 8, 148, 'Tenotraque'),
(519336, 3, 149, 'Ferrotate');

--
-- Inserting data into table med_possui_horario
--
INSERT INTO med_possui_horario(cpf_dentista, cod_horario) VALUES
(1076855301, 1284612633),
(76748186, 1284612630),
(1675910399, 2),
(291496554, 1823027408),
(291496554, 2037775770),
(1837857227, 1823027408),
(291496549, 1284612632),
(2052605591, 1069864268),
(1837857229, 1069864267),
(1076855301, 1069864267),
(694380393, 214748367),
(1675910401, 1069864266),
(1675910399, 1069864266),
(291496552, 1069864265),
(694380394, 1823027409),
(2147483647, 1326302053),
(694380396, 1284612631),
(694380393, 1069864265),
(1675910401, 1823027409),
(291496549, 645968017),
(2052605587, 1284612629),
(291496552, 1284612631),
(2052605589, 1541050419),
(2052605592, 431219651),
(2052605587, 2037775770),
(479632028, 2147483647),
(2052605591, 1284612633),
(694380391, 1),
(2147483647, 1069864263),
(1837857229, 1284612632),
(694380394, 645968017),
(694380391, 1284612629),
(291496548, 1069864264),
(694380396, 431219651),
(1837857227, 1326302053),
(1837857230, 1284612630),
(76748187, 1326302054),
(479632029, 645968016),
(2147483647, 431219650),
(2052605589, 2147483647),
(2052605592, 1326302054),
(291496550, 1823027408),
(76748186, 1541050419),
(291496548, 1),
(479632028, 645968016),
(76748187, 2),
(479632029, 214748367),
(1837857227, 1069864263),
(1837857230, 1069864264),
(291496550, 1326302053);

--
-- Inserting data into table med_realiza_procedimento
--
INSERT INTO med_realiza_procedimento(cpf_dentista, cod_procedimento) VALUES
(1076855301, 3535835),
(76748186, 8517542),
(1675910399, 9517541),
(291496554, 9517539),
(291496554, 5371858),
(1837857227, 9517539),
(291496549, 18010),
(2052605591, 5371859),
(1837857229, 6643898),
(1076855301, 6643898),
(694380393, 18008),
(1675910401, 18009),
(1675910399, 18009),
(291496552, 2535834),
(694380394, 7643898),
(2147483647, 18007),
(694380396, 8517543),
(694380393, 2535834),
(1675910401, 7643898),
(291496549, 1018010),
(2052605587, 2535833),
(291496552, 8517543),
(2052605589, 1018008),
(2052605592, 6643897),
(2052605587, 5371858),
(479632028, 3535834),
(2052605591, 3535835),
(694380391, 7643897),
(2147483647, 4371857),
(1837857229, 18010),
(694380394, 1018010),
(694380391, 2535833),
(291496548, 4371858),
(694380396, 6643897),
(1837857227, 18007),
(1837857230, 8517542),
(76748187, 1018009),
(479632029, 9517540),
(2147483647, 3535833),
(2052605589, 3535834),
(2052605592, 1018009),
(291496550, 9517539),
(76748186, 1018008),
(291496548, 7643897),
(479632028, 9517540),
(76748187, 9517541),
(479632029, 18008),
(1837857227, 4371857),
(1837857230, 4371858),
(291496550, 18007);

--
-- Inserting data into table tecsaude_possui_horario
--
INSERT INTO tecsaude_possui_horario(cpf_tec, cod_horario) VALUES
(479632028, 1284612633),
(694380391, 1284612630),
(1837857227, 2),
(1675910399, 1823027408),
(1675910399, 2037775770),
(694380393, 1823027408),
(2052605589, 1284612632),
(1675910401, 1069864268),
(1076855301, 1069864267),
(479632028, 1069864267),
(291496548, 214748367),
(479632029, 1069864266),
(1837857227, 1069864266),
(76748187, 1069864265),
(2052605592, 1823027409),
(291496554, 1326302053),
(2147483647, 1284612631),
(291496548, 1069864265),
(479632029, 1823027409),
(2052605589, 645968017),
(291496549, 1284612629),
(76748187, 1284612631),
(694380396, 1541050419),
(76748186, 431219651),
(291496549, 2037775770),
(291496550, 2147483647),
(1675910401, 1284612633),
(1837857230, 1),
(291496554, 1069864263),
(1076855301, 1284612632),
(2052605592, 645968017),
(1837857230, 1284612629),
(2052605587, 1069864264),
(2147483647, 431219651),
(694380393, 1326302053),
(2052605591, 1284612630),
(1837857229, 1326302054),
(694380394, 645968016),
(291496554, 431219650),
(694380396, 2147483647),
(76748186, 1326302054),
(291496552, 1823027408),
(694380391, 1541050419),
(2052605587, 1),
(291496550, 645968016),
(1837857229, 2),
(694380394, 214748367),
(694380393, 1069864263),
(2052605591, 1069864264),
(291496552, 1326302053);